Post_ID,Date,Platform,Post_Type,Likes,Comments,Shares,Reach,Total_Engagement,Engagement_Rate (%)
POST_0475,2026-01-28,LinkedIn,Image,856,18,121,6719,995,14.81
POST_0437,2026-01-28,LinkedIn,Carousel,1119,100,27,3574,1246,34.86
POST_0123,2026-01-28,Instagram,Image,783,246,138,1324,1167,88.14
POST_0194,2026-01-29,LinkedIn,Image,148,177,71,8242,396,4.8
POST_0065,2026-01-29,LinkedIn,Text,183,221,66,4196,470,11.2
POST_0248,2026-01-29,Instagram,Video,1395,100,126,8451,1621,19.18
POST_0481,2026-01-29,Facebook,Image,729,184,15,7315,928,12.69
POST_0019,2026-01-29,Instagram,Video,380,215,103,3712,698,18.8
POST_0220,2026-01-30,LinkedIn,Video,106,125,20,4422,251,5.68
POST_0168,2026-01-30,Instagram,Video,516,227,16,5810,759,13.06
POST_0477,2026-01-31,Instagram,Video,157,22,64,7468,243,3.25
POST_0069,2026-01-31,Facebook,Video,355,86,153,4869,594,12.2
POST_0315,2026-01-31,Instagram,Video,1403,121,159,3349,1683,50.25
POST_0403,2026-02-01,Instagram,Video,841,77,47,7364,965,13.1
POST_0599,2026-02-01,Instagram,Text,363,29,89,9777,481,4.92
POST_0124,2026-02-01,Instagram,Carousel,628,22,102,4332,752,17.36
POST_0104,2026-02-01,LinkedIn,Video,797,108,140,1114,1045,93.81
POST_0405,2026-02-02,Instagram,Carousel,424,68,27,8286,519,6.26
POST_0323,2026-02-02,Instagram,Video,681,188,78,2805,947,33.76
POST_0242,2026-02-03,Instagram,Carousel,559,143,142,3593,844,23.49
POST_0590,2026-02-03,Facebook,Video,1100,214,94,6451,1408,21.83
POST_0374,2026-02-04,Facebook,Image,1436,88,55,5666,1579,27.87
POST_0399,2026-02-04,LinkedIn,Image,555,93,36,1102,684,62.07
POST_0304,2026-02-04,LinkedIn,Carousel,1265,121,56,8899,1442,16.2
POST_0057,2026-02-04,LinkedIn,Image,149,198,131,4243,478,11.27
POST_0512,2026-02-04,LinkedIn,Video,567,198,156,3505,921,26.28
POST_0092,2026-02-05,Facebook,Video,1008,108,28,1199,1144,95.41
POST_0558,2026-02-05,Instagram,Image,324,143,4,1158,471,40.67
POST_0049,2026-02-05,Facebook,Text,1110,168,63,1696,1341,79.07
POST_0254,2026-02-05,Instagram,Video,1263,135,8,612,1406,229.74
POST_0587,2026-02-05,Facebook,Image,872,208,76,1134,1156,101.94
POST_0467,2026-02-06,Facebook,Video,1090,55,101,7472,1246,16.68
POST_0236,2026-02-07,Facebook,Image,1271,228,66,5486,1565,28.53
POST_0505,2026-02-08,Instagram,Text,631,190,159,3953,980,24.79
POST_0185,2026-02-08,LinkedIn,Video,573,35,91,1180,699,59.24
POST_0109,2026-02-08,LinkedIn,Carousel,1296,111,122,3575,1529,42.77
POST_0495,2026-02-08,Instagram,Video,375,169,6,7581,550,7.25
POST_0538,2026-02-08,Instagram,Video,709,169,24,692,902,130.35
POST_0415,2026-02-09,Instagram,Image,602,73,30,9136,705,7.72
POST_0144,2026-02-09,Instagram,Text,474,155,27,9827,656,6.68
POST_0366,2026-02-09,LinkedIn,Video,1448,36,99,1359,1583,116.48
POST_0540,2026-02-09,LinkedIn,Video,658,114,44,4145,816,19.69
POST_0074,2026-02-10,Facebook,Video,918,144,49,1605,1111,69.22
POST_0048,2026-02-10,Instagram,Image,153,7,37,2176,197,9.05
POST_0004,2026-02-11,Instagram,Video,168,100,98,6602,366,5.54
POST_0129,2026-02-11,Facebook,Image,1423,157,124,3656,1704,46.61
POST_0087,2026-02-11,LinkedIn,Image,1055,132,34,7923,1221,15.41
POST_0396,2026-02-11,LinkedIn,Image,1424,133,20,2493,1577,63.26
POST_0032,2026-02-11,Facebook,Image,425,169,164,4119,758,18.4
POST_0077,2026-02-11,Instagram,Image,1068,105,124,8845,1297,14.66
POST_0446,2026-02-12,Instagram,Video,759,142,53,2568,954,37.15
POST_0478,2026-02-12,Facebook,Carousel,69,52,83,3273,204,6.23
POST_0318,2026-02-13,LinkedIn,Video,682,143,177,4349,1002,23.04
POST_0545,2026-02-13,LinkedIn,Text,963,144,94,4200,1201,28.6
POST_0353,2026-02-13,LinkedIn,Image,1154,150,120,869,1424,163.87
POST_0044,2026-02-14,LinkedIn,Carousel,613,98,125,6222,836,13.44
POST_0337,2026-02-14,Instagram,Video,480,121,104,6624,705,10.64
POST_0424,2026-02-15,LinkedIn,Video,785,13,86,8197,884,10.78
POST_0552,2026-02-15,LinkedIn,Text,184,203,56,7760,443,5.71
POST_0372,2026-02-16,Facebook,Image,131,9,176,8842,316,3.57
POST_0526,2026-02-17,Instagram,Video,925,147,95,738,1167,158.13
POST_0287,2026-02-17,Instagram,Image,292,171,38,7696,501,6.51
POST_0024,2026-02-17,LinkedIn,Video,468,80,117,8094,665,8.22
POST_0307,2026-02-17,Instagram,Image,799,62,80,6809,941,13.82
POST_0041,2026-02-17,LinkedIn,Carousel,580,132,145,2869,857,29.87
POST_0007,2026-02-17,Facebook,Image,997,64,72,9975,1133,11.36
POST_0027,2026-02-18,Instagram,Image,1450,93,160,6473,1703,26.31
POST_0299,2026-02-18,LinkedIn,Image,1478,122,12,2488,1612,64.79
POST_0448,2026-02-18,Instagram,Video,202,231,52,3168,485,15.31
POST_0541,2026-02-19,Instagram,Image,1442,226,82,6814,1750,25.68
POST_0466,2026-02-19,Facebook,Video,679,108,110,9928,897,9.04
POST_0430,2026-02-19,Facebook,Carousel,79,125,35,8826,239,2.71
POST_0082,2026-02-20,Instagram,Text,1013,199,124,2413,1336,55.37
POST_0479,2026-02-20,LinkedIn,Image,992,60,118,2200,1170,53.18
POST_0327,2026-02-20,LinkedIn,Carousel,879,197,58,9869,1134,11.49
POST_0344,2026-02-20,Instagram,Image,38,177,37,582,252,43.3
POST_0210,2026-02-20,LinkedIn,Video,964,67,113,8734,1144,13.1
POST_0569,2026-02-21,Instagram,Image,1036,156,121,3107,1313,42.26
POST_0338,2026-02-21,LinkedIn,Video,297,128,48,8975,473,5.27
POST_0361,2026-02-22,LinkedIn,Image,1147,246,146,4176,1539,36.85
POST_0306,2026-02-23,Facebook,Video,516,182,30,6255,728,11.64
POST_0305,2026-02-23,Instagram,Carousel,58,167,24,6133,249,4.06
POST_0597,2026-02-23,Instagram,Video,1129,153,47,3806,1329,34.92
POST_0165,2026-02-23,Instagram,Video,183,202,45,652,430,65.95
POST_0127,2026-02-23,Instagram,Carousel,120,163,91,1880,374,19.89
POST_0148,2026-02-24,Instagram,Image,405,190,163,3950,758,19.19
POST_0559,2026-02-24,Facebook,Image,390,211,83,5557,684,12.31
POST_0154,2026-02-24,Instagram,Video,1466,179,97,2491,1742,69.93
POST_0310,2026-02-24,LinkedIn,Image,168,210,73,2018,451,22.35
POST_0106,2026-02-24,Instagram,Carousel,661,5,108,770,774,100.52
POST_0155,2026-02-24,Facebook,Image,920,135,10,8963,1065,11.88
POST_0503,2026-02-25,LinkedIn,Video,811,110,110,4130,1031,24.96
POST_0455,2026-02-25,LinkedIn,Video,782,149,164,4106,1095,26.67
POST_0142,2026-02-25,Facebook,Image,111,149,84,3249,344,10.59
POST_0600,2026-02-25,Instagram,Text,1337,22,75,9971,1434,14.38
POST_0544,2026-02-26,Instagram,Video,1191,244,67,7874,1502,19.08
POST_0159,2026-02-26,Instagram,Carousel,261,122,139,9668,522,5.4
POST_0308,2026-02-26,LinkedIn,Video,1276,165,22,4617,1463,31.69
POST_0382,2026-02-28,Instagram,Video,1055,16,137,5397,1208,22.38
POST_0346,2026-02-28,Facebook,Image,432,13,87,8317,532,6.4
POST_0295,2026-03-01,Instagram,Text,809,64,38,701,911,129.96
POST_0285,2026-03-01,LinkedIn,Text,541,180,158,5355,879,16.41
POST_0111,2026-03-01,LinkedIn,Carousel,476,20,178,8620,674,7.82
POST_0464,2026-03-01,LinkedIn,Image,217,63,152,3354,432,12.88
POST_0490,2026-03-01,Instagram,Video,68,78,133,9337,279,2.99
POST_0102,2026-03-01,LinkedIn,Image,306,125,164,4816,595,12.35
POST_0438,2026-03-02,LinkedIn,Carousel,561,169,53,8812,783,8.89
POST_0470,2026-03-02,Instagram,Carousel,143,10,115,3094,268,8.66
POST_0119,2026-03-03,LinkedIn,Carousel,902,130,173,8945,1205,13.47
POST_0509,2026-03-03,Facebook,Image,1407,91,58,6128,1556,25.39
POST_0059,2026-03-03,Facebook,Carousel,1249,12,108,4922,1369,27.81
POST_0316,2026-03-03,LinkedIn,Carousel,257,53,113,2242,423,18.87
POST_0533,2026-03-04,LinkedIn,Carousel,615,83,16,6660,714,10.72
POST_0370,2026-03-04,Instagram,Carousel,1109,225,140,4517,1474,32.63
POST_0143,2026-03-04,LinkedIn,Video,1001,163,7,7180,1171,16.31
POST_0326,2026-03-05,LinkedIn,Image,553,42,3,3142,598,19.03
POST_0115,2026-03-05,Facebook,Video,168,140,159,7271,467,6.42
POST_0252,2026-03-05,LinkedIn,Image,1011,116,103,7791,1230,15.79
POST_0537,2026-03-05,LinkedIn,Image,215,157,25,9512,397,4.17
POST_0301,2026-03-06,LinkedIn,Image,132,176,146,6308,454,7.2
POST_0022,2026-03-06,LinkedIn,Text,780,233,159,3923,1172,29.88
POST_0209,2026-03-06,LinkedIn,Text,219,163,30,5446,412,7.57
POST_0359,2026-03-07,LinkedIn,Video,534,173,64,1864,771,41.36
POST_0232,2026-03-07,Facebook,Carousel,167,39,112,8625,318,3.69
POST_0462,2026-03-07,Instagram,Video,180,178,137,6621,495,7.48
POST_0186,2026-03-07,Instagram,Video,416,42,178,3024,636,21.03
POST_0576,2026-03-07,Facebook,Video,1397,95,77,6491,1569,24.17
POST_0078,2026-03-08,Facebook,Carousel,1160,211,142,4199,1513,36.03
POST_0085,2026-03-09,Facebook,Video,1122,8,123,2272,1253,55.15
POST_0105,2026-03-09,LinkedIn,Image,364,102,161,5070,627,12.37
POST_0131,2026-03-10,LinkedIn,Video,1264,224,110,6134,1598,26.05
POST_0578,2026-03-10,LinkedIn,Video,973,3,140,9423,1116,11.84
POST_0240,2026-03-10,Facebook,Video,1434,47,36,7762,1517,19.54
POST_0357,2026-03-11,Facebook,Video,148,102,138,2279,388,17.03
POST_0501,2026-03-11,Instagram,Carousel,950,190,116,7678,1256,16.36
POST_0072,2026-03-12,LinkedIn,Image,400,138,106,1192,644,54.03
POST_0157,2026-03-12,LinkedIn,Text,1056,61,172,5038,1289,25.59
POST_0502,2026-03-12,LinkedIn,Image,660,246,134,2794,1040,37.22
POST_0151,2026-03-13,Instagram,Image,761,10,63,5641,834,14.78
POST_0088,2026-03-13,Instagram,Video,147,110,86,3371,343,10.18
POST_0329,2026-03-14,Instagram,Image,560,221,11,5257,792,15.07
POST_0507,2026-03-14,Instagram,Carousel,1225,162,7,6283,1394,22.19
POST_0321,2026-03-14,Instagram,Text,275,228,52,5678,555,9.77
POST_0457,2026-03-15,Instagram,Video,782,98,23,560,903,161.25
POST_0409,2026-03-15,LinkedIn,Text,207,217,145,4527,569,12.57
POST_0288,2026-03-16,LinkedIn,Carousel,955,20,135,6411,1110,17.31
POST_0076,2026-03-16,Instagram,Video,921,239,58,2661,1218,45.77
POST_0442,2026-03-16,LinkedIn,Image,946,238,12,9616,1196,12.44
POST_0112,2026-03-16,Facebook,Carousel,1002,33,130,7114,1165,16.38
POST_0257,2026-03-16,Instagram,Image,379,188,127,639,694,108.61
POST_0313,2026-03-16,LinkedIn,Video,680,65,51,2695,796,29.54
POST_0250,2026-03-16,Instagram,Image,1363,208,163,5095,1734,34.03
POST_0029,2026-03-17,Instagram,Video,330,156,166,8777,652,7.43
POST_0317,2026-03-17,LinkedIn,Text,666,90,13,1806,769,42.58
POST_0392,2026-03-17,LinkedIn,Video,1254,39,16,1861,1309,70.34
POST_0062,2026-03-18,LinkedIn,Text,272,75,157,2951,504,17.08
POST_0363,2026-03-18,LinkedIn,Image,893,190,154,8764,1237,14.11
POST_0034,2026-03-19,Facebook,Image,361,29,164,8655,554,6.4
POST_0303,2026-03-19,LinkedIn,Carousel,141,143,18,6741,302,4.48
POST_0174,2026-03-19,Instagram,Carousel,648,219,51,7763,918,11.83
POST_0384,2026-03-19,Instagram,Image,1057,148,22,5541,1227,22.14
POST_0039,2026-03-19,Facebook,Image,31,154,18,2717,203,7.47
POST_0184,2026-03-20,LinkedIn,Text,40,181,81,3989,302,7.57
POST_0228,2026-03-20,Instagram,Video,1478,5,18,6926,1501,21.67
POST_0413,2026-03-20,Instagram,Carousel,292,106,140,3758,538,14.32
POST_0561,2026-03-20,Instagram,Image,403,119,104,5494,626,11.39
POST_0136,2026-03-20,Facebook,Video,1274,70,98,3609,1442,39.96
POST_0400,2026-03-21,LinkedIn,Video,1033,29,41,1190,1103,92.69
POST_0051,2026-03-21,LinkedIn,Text,967,24,135,7932,1126,14.2
POST_0081,2026-03-21,LinkedIn,Carousel,936,213,121,4700,1270,27.02
POST_0572,2026-03-21,Facebook,Video,1034,94,133,3081,1261,40.93
POST_0202,2026-03-21,Instagram,Carousel,808,16,146,7606,970,12.75
POST_0018,2026-03-21,LinkedIn,Video,768,117,22,9211,907,9.85
POST_0196,2026-03-22,LinkedIn,Video,591,151,172,9791,914,9.34
POST_0397,2026-03-22,Facebook,Image,1175,56,83,1369,1314,95.98
POST_0280,2026-03-22,LinkedIn,Image,1331,216,143,2938,1690,57.52
POST_0067,2026-03-22,Facebook,Video,852,165,44,4429,1061,23.96
POST_0339,2026-03-22,LinkedIn,Video,440,184,78,4896,702,14.34
POST_0070,2026-03-22,LinkedIn,Image,841,73,154,8807,1068,12.13
POST_0261,2026-03-22,LinkedIn,Image,482,47,74,9208,603,6.55
POST_0411,2026-03-23,Instagram,Video,960,92,123,5244,1175,22.41
POST_0036,2026-03-23,Facebook,Video,1144,114,64,4509,1322,29.32
POST_0369,2026-03-25,LinkedIn,Video,942,217,50,9756,1209,12.39
POST_0575,2026-03-25,LinkedIn,Image,592,145,85,6828,822,12.04
POST_0520,2026-03-26,LinkedIn,Text,1263,176,89,9637,1528,15.86
POST_0026,2026-03-26,Instagram,Carousel,1223,117,123,4167,1463,35.11
POST_0340,2026-03-26,LinkedIn,Video,1396,17,92,9783,1505,15.38
POST_0426,2026-03-26,LinkedIn,Image,181,219,161,562,561,99.82
POST_0435,2026-03-26,Instagram,Image,683,110,171,7796,964,12.37
POST_0389,2026-03-26,LinkedIn,Video,606,233,23,2051,862,42.03
POST_0390,2026-03-26,LinkedIn,Carousel,1034,22,107,2129,1163,54.63
POST_0177,2026-03-27,Instagram,Image,643,157,101,3572,901,25.22
POST_0030,2026-03-27,Facebook,Image,281,126,33,2968,440,14.82
POST_0246,2026-03-28,LinkedIn,Video,792,40,132,3777,964,25.52
POST_0367,2026-03-28,Facebook,Carousel,321,210,81,4638,612,13.2
POST_0047,2026-03-28,Instagram,Video,1259,228,112,4447,1599,35.96
POST_0401,2026-03-28,Instagram,Text,246,5,144,9185,395,4.3
POST_0312,2026-03-29,Facebook,Video,1041,10,53,3100,1104,35.61
POST_0547,2026-03-30,LinkedIn,Video,1469,168,64,4393,1701,38.72
POST_0114,2026-03-30,LinkedIn,Video,1142,13,97,7915,1252,15.82
POST_0152,2026-03-30,LinkedIn,Video,680,117,90,9001,887,9.85
POST_0183,2026-03-30,Instagram,Video,573,164,178,4164,915,21.97
POST_0172,2026-03-30,LinkedIn,Video,327,221,47,4699,595,12.66
POST_0429,2026-03-30,Facebook,Carousel,1231,212,6,7415,1449,19.54
POST_0423,2026-03-31,LinkedIn,Image,919,62,108,6168,1089,17.66
POST_0386,2026-03-31,Facebook,Text,1480,53,12,1837,1545,84.1
POST_0096,2026-03-31,Facebook,Image,62,221,125,5057,408,8.07
POST_0134,2026-03-31,LinkedIn,Image,143,129,178,9033,450,4.98
POST_0037,2026-04-01,Instagram,Video,263,192,46,3826,501,13.09
POST_0089,2026-04-02,Instagram,Video,111,4,133,1160,248,21.38
POST_0373,2026-04-02,Instagram,Image,1056,46,111,1634,1213,74.24
POST_0497,2026-04-02,Instagram,Image,657,20,125,7617,802,10.53
POST_0381,2026-04-03,Facebook,Image,585,48,119,5539,752,13.58
POST_0149,2026-04-03,Instagram,Image,424,221,117,7714,762,9.88
POST_0496,2026-04-04,Instagram,Image,1303,109,56,9190,1468,15.97
POST_0341,2026-04-04,LinkedIn,Image,715,222,153,1316,1090,82.83
POST_0335,2026-04-04,LinkedIn,Image,107,87,126,2961,320,10.81
POST_0206,2026-04-05,Facebook,Video,821,213,68,8119,1102,13.57
POST_0284,2026-04-05,LinkedIn,Image,542,111,110,8144,763,9.37
POST_0476,2026-04-06,LinkedIn,Image,519,89,89,8643,697,8.06
POST_0468,2026-04-06,Instagram,Video,418,127,16,636,561,88.21
POST_0566,2026-04-06,LinkedIn,Video,648,4,154,9947,806,8.1
POST_0456,2026-04-06,Instagram,Video,495,125,101,8968,721,8.04
POST_0211,2026-04-06,Instagram,Carousel,98,228,21,2407,347,14.42
POST_0447,2026-04-06,LinkedIn,Video,1393,190,137,741,1720,232.12
POST_0395,2026-04-07,LinkedIn,Image,151,180,93,8110,424,5.23
POST_0218,2026-04-07,Instagram,Video,959,202,63,7371,1224,16.61
POST_0146,2026-04-08,Instagram,Text,529,134,144,7852,807,10.28
POST_0091,2026-04-08,Facebook,Carousel,865,115,112,1632,1092,66.91
POST_0006,2026-04-09,Facebook,Video,425,244,118,9577,787,8.22
POST_0108,2026-04-09,LinkedIn,Video,709,199,52,4107,960,23.37
POST_0042,2026-04-10,LinkedIn,Image,61,201,162,4138,424,10.25
POST_0588,2026-04-11,Facebook,Video,41,219,49,502,309,61.55
POST_0500,2026-04-11,LinkedIn,Video,1029,201,42,8806,1272,14.44
POST_0010,2026-04-12,Instagram,Image,1204,33,107,9488,1344,14.17
POST_0584,2026-04-12,Facebook,Text,217,66,107,2882,390,13.53
POST_0160,2026-04-12,Instagram,Image,512,140,148,4222,800,18.95
POST_0266,2026-04-12,Facebook,Carousel,188,73,172,1387,433,31.22
POST_0522,2026-04-12,LinkedIn,Image,182,178,136,4736,496,10.47
POST_0557,2026-04-13,Facebook,Image,1003,11,113,4934,1127,22.84
POST_0450,2026-04-13,Instagram,Video,1226,47,46,5559,1319,23.73
POST_0586,2026-04-13,LinkedIn,Video,861,46,74,6579,981,14.91
POST_0480,2026-04-17,Instagram,Text,273,168,155,3200,596,18.62
POST_0510,2026-04-18,LinkedIn,Video,207,104,131,8828,442,5.01
POST_0192,2026-04-18,Facebook,Image,412,186,47,2038,645,31.65
POST_0060,2026-04-18,Facebook,Video,285,249,177,4324,711,16.44
POST_0098,2026-04-18,Instagram,Video,1173,248,108,9565,1529,15.99
POST_0079,2026-04-19,Facebook,Image,501,43,29,4286,573,13.37
POST_0279,2026-04-19,Instagram,Image,370,103,123,4265,596,13.97
POST_0233,2026-04-19,Instagram,Carousel,296,144,70,9350,510,5.45
POST_0562,2026-04-20,LinkedIn,Image,464,202,53,4734,719,15.19
POST_0271,2026-04-21,LinkedIn,Image,786,79,122,518,987,190.54
POST_0158,2026-04-21,Instagram,Text,232,173,46,9212,451,4.9
POST_0484,2026-04-21,LinkedIn,Image,1469,142,91,5664,1702,30.05
POST_0053,2026-04-21,Instagram,Video,418,124,175,3818,717,18.78
POST_0548,2026-04-21,LinkedIn,Video,511,3,48,7311,562,7.69
POST_0461,2026-04-22,Instagram,Video,1161,246,141,9258,1548,16.72
POST_0454,2026-04-23,Instagram,Image,1156,44,12,5341,1212,22.69
POST_0550,2026-04-23,Facebook,Carousel,161,30,51,3179,242,7.61
POST_0383,2026-04-23,Instagram,Image,228,106,174,8752,508,5.8
POST_0391,2026-04-23,Instagram,Video,1113,52,10,2026,1175,58.0
POST_0348,2026-04-23,LinkedIn,Image,127,12,7,7571,146,1.93
POST_0147,2026-04-23,Instagram,Video,1226,228,100,5091,1554,30.52
POST_0197,2026-04-24,LinkedIn,Carousel,48,18,80,2403,146,6.08
POST_0020,2026-04-25,Instagram,Video,360,144,74,2909,578,19.87
POST_0093,2026-04-25,Facebook,Image,466,41,76,7970,583,7.31
POST_0011,2026-04-25,LinkedIn,Carousel,1032,136,97,4142,1265,30.54
POST_0443,2026-04-26,Instagram,Video,887,85,56,1144,1028,89.86
POST_0046,2026-04-26,Facebook,Video,1201,245,48,8118,1494,18.4
POST_0090,2026-04-26,Facebook,Image,562,28,17,6742,607,9.0
POST_0028,2026-04-26,Facebook,Image,1239,15,151,6736,1405,20.86
POST_0515,2026-04-27,LinkedIn,Image,1451,92,155,2742,1698,61.93
POST_0130,2026-04-27,Instagram,Image,839,103,140,4807,1082,22.51
POST_0511,2026-04-27,LinkedIn,Text,1004,221,103,3860,1328,34.4
POST_0050,2026-04-27,Facebook,Image,1050,181,68,3287,1299,39.52
POST_0224,2026-04-27,Instagram,Video,1243,88,29,8612,1360,15.79
POST_0244,2026-04-27,LinkedIn,Image,461,205,140,4908,806,16.42
POST_0427,2026-04-27,Instagram,Text,613,28,136,8329,777,9.33
POST_0054,2026-04-29,Instagram,Video,1448,179,115,9358,1742,18.62
POST_0379,2026-04-29,Instagram,Video,621,77,160,4664,858,18.4
POST_0162,2026-04-29,Instagram,Image,357,176,4,3332,537,16.12
POST_0425,2026-04-29,LinkedIn,Text,555,7,172,8533,734,8.6
POST_0513,2026-04-30,Instagram,Carousel,744,9,156,4052,909,22.43
POST_0275,2026-04-30,Instagram,Video,789,169,167,3106,1125,36.22
POST_0219,2026-04-30,LinkedIn,Image,468,149,125,3472,742,21.37
POST_0449,2026-04-30,Instagram,Video,132,50,43,1302,225,17.28
POST_0328,2026-04-30,Facebook,Text,789,69,7,6909,865,12.52
POST_0003,2026-04-30,Instagram,Image,305,139,163,7686,607,7.9
POST_0458,2026-05-01,Facebook,Video,1346,91,1,4427,1438,32.48
POST_0408,2026-05-01,Facebook,Carousel,961,195,46,5988,1202,20.07
POST_0330,2026-05-02,Facebook,Image,232,9,118,3494,359,10.27
POST_0506,2026-05-02,Instagram,Video,828,241,74,5007,1143,22.83
POST_0075,2026-05-02,Instagram,Video,502,177,5,3508,684,19.5
POST_0439,2026-05-03,Instagram,Carousel,1357,143,64,8052,1564,19.42
POST_0534,2026-05-03,Instagram,Carousel,269,230,58,5888,557,9.46
POST_0137,2026-05-03,Instagram,Carousel,1106,26,81,4582,1213,26.47
POST_0227,2026-05-03,Instagram,Video,1428,68,162,1976,1658,83.91
POST_0474,2026-05-03,LinkedIn,Image,1443,42,152,586,1637,279.35
POST_0180,2026-05-03,LinkedIn,Image,1270,191,150,666,1611,241.89
POST_0135,2026-05-03,Facebook,Video,441,28,16,6434,485,7.54
POST_0216,2026-05-04,Instagram,Video,600,168,137,5269,905,17.18
POST_0309,2026-05-04,Facebook,Text,962,169,31,8845,1162,13.14
POST_0213,2026-05-05,LinkedIn,Image,875,249,170,3035,1294,42.64
POST_0380,2026-05-05,Instagram,Text,333,175,59,2846,567,19.92
POST_0331,2026-05-06,Instagram,Text,482,3,158,9251,643,6.95
POST_0324,2026-05-06,LinkedIn,Video,254,79,21,8119,354,4.36
POST_0273,2026-05-06,LinkedIn,Video,168,114,15,6840,297,4.34
POST_0241,2026-05-06,Facebook,Video,518,245,0,951,763,80.23
POST_0542,2026-05-06,LinkedIn,Video,691,77,10,8942,778,8.7
POST_0362,2026-05-06,Instagram,Image,1267,202,136,2926,1605,54.85
POST_0116,2026-05-06,LinkedIn,Carousel,1372,47,108,778,1527,196.27
POST_0567,2026-05-06,LinkedIn,Image,914,85,14,7301,1013,13.87
POST_0255,2026-05-06,Instagram,Carousel,1380,220,33,5631,1633,29.0
POST_0532,2026-05-06,Facebook,Image,1271,165,21,5451,1457,26.73
POST_0410,2026-05-06,LinkedIn,Video,1100,163,104,3412,1367,40.06
POST_0469,2026-05-07,Instagram,Video,97,234,11,1529,342,22.37
POST_0013,2026-05-07,LinkedIn,Text,479,21,155,8936,655,7.33
POST_0554,2026-05-07,LinkedIn,Image,40,52,158,7273,250,3.44
POST_0463,2026-05-07,Instagram,Image,420,193,162,1700,775,45.59
POST_0465,2026-05-08,LinkedIn,Video,1303,107,130,7524,1540,20.47
POST_0529,2026-05-08,LinkedIn,Video,224,223,142,5427,589,10.85
POST_0120,2026-05-08,LinkedIn,Image,282,64,126,4776,472,9.88
POST_0494,2026-05-08,LinkedIn,Image,280,2,54,5233,336,6.42
POST_0190,2026-05-08,Instagram,Video,36,59,108,1863,203,10.9
POST_0398,2026-05-08,Instagram,Carousel,1063,200,139,1514,1402,92.6
POST_0404,2026-05-10,Facebook,Video,890,174,102,7740,1166,15.06
POST_0001,2026-05-10,Instagram,Video,383,189,106,5758,678,11.77
POST_0008,2026-05-10,LinkedIn,Image,475,50,121,1119,646,57.73
POST_0169,2026-05-10,LinkedIn,Image,719,215,114,3110,1048,33.7
POST_0126,2026-05-10,LinkedIn,Carousel,804,14,128,5945,946,15.91
POST_0354,2026-05-11,LinkedIn,Video,155,70,63,2318,288,12.42
POST_0234,2026-05-11,LinkedIn,Image,251,192,29,3263,472,14.47
POST_0063,2026-05-11,Instagram,Carousel,841,9,119,1128,969,85.9
POST_0342,2026-05-11,LinkedIn,Video,534,63,17,7804,614,7.87
POST_0014,2026-05-11,Facebook,Carousel,757,155,171,3395,1083,31.9
POST_0270,2026-05-11,LinkedIn,Carousel,209,31,82,4060,322,7.93
POST_0118,2026-05-11,Instagram,Carousel,209,17,84,5458,310,5.68
POST_0518,2026-05-12,Instagram,Video,433,159,171,9140,763,8.35
POST_0543,2026-05-12,Instagram,Video,1246,123,103,2288,1472,64.34
POST_0418,2026-05-13,LinkedIn,Video,545,7,136,5807,688,11.85
POST_0068,2026-05-13,Facebook,Carousel,1153,230,3,3265,1386,42.45
POST_0005,2026-05-14,Facebook,Carousel,1127,193,172,9561,1492,15.61
POST_0156,2026-05-15,LinkedIn,Carousel,84,212,53,3773,349,9.25
POST_0402,2026-05-15,LinkedIn,Image,1197,151,100,989,1448,146.41
POST_0035,2026-05-15,LinkedIn,Text,1359,27,55,4083,1441,35.29
POST_0406,2026-05-16,LinkedIn,Image,221,87,40,8524,348,4.08
POST_0577,2026-05-16,Instagram,Text,47,41,45,3906,133,3.41
POST_0302,2026-05-16,Instagram,Video,907,245,52,7662,1204,15.71
POST_0278,2026-05-17,Facebook,Carousel,179,155,161,6932,495,7.14
POST_0080,2026-05-18,Instagram,Image,1435,61,169,9756,1665,17.07
POST_0563,2026-05-18,Facebook,Image,444,122,160,4264,726,17.03
POST_0311,2026-05-18,Instagram,Carousel,1440,31,9,6663,1480,22.21
POST_0055,2026-05-18,LinkedIn,Image,597,172,64,7189,833,11.59
POST_0549,2026-05-19,Instagram,Video,915,192,174,9788,1281,13.09
POST_0272,2026-05-19,LinkedIn,Carousel,389,85,101,5321,575,10.81
POST_0245,2026-05-19,Facebook,Image,1304,146,135,4568,1585,34.7
POST_0193,2026-05-20,LinkedIn,Image,444,24,72,3908,540,13.82
POST_0267,2026-05-20,Instagram,Carousel,236,191,33,3604,460,12.76
POST_0247,2026-05-20,LinkedIn,Image,369,138,127,9066,634,6.99
POST_0189,2026-05-20,Instagram,Text,211,83,134,4857,428,8.81
POST_0182,2026-05-20,Instagram,Image,1465,214,154,2161,1833,84.82
POST_0546,2026-05-20,LinkedIn,Image,218,42,155,9859,415,4.21
POST_0539,2026-05-20,LinkedIn,Video,1113,85,137,2276,1335,58.66
POST_0191,2026-05-20,LinkedIn,Carousel,1163,76,162,2792,1401,50.18
POST_0345,2026-05-21,Instagram,Video,42,159,86,2420,287,11.86
POST_0416,2026-05-21,Instagram,Text,535,88,129,4141,752,18.16
POST_0521,2026-05-21,Instagram,Video,922,216,103,6118,1241,20.28
POST_0377,2026-05-22,LinkedIn,Image,617,77,144,6636,838,12.63
POST_0297,2026-05-22,Instagram,Image,1215,125,144,1017,1484,145.92
POST_0517,2026-05-22,LinkedIn,Video,637,88,123,5597,848,15.15
POST_0265,2026-05-23,Instagram,Carousel,855,246,141,6761,1242,18.37
POST_0167,2026-05-23,Instagram,Video,1014,217,69,3300,1300,39.39
POST_0212,2026-05-23,LinkedIn,Video,975,169,92,3990,1236,30.98
POST_0332,2026-05-23,Facebook,Image,455,106,33,1771,594,33.54
POST_0407,2026-05-23,Instagram,Video,57,237,98,794,392,49.37
POST_0322,2026-05-24,Instagram,Image,617,234,151,3055,1002,32.8
POST_0428,2026-05-24,Instagram,Video,178,137,7,7852,322,4.1
POST_0444,2026-05-24,Instagram,Image,38,57,48,2532,143,5.65
POST_0012,2026-05-24,LinkedIn,Video,803,22,31,1796,856,47.66
POST_0565,2026-05-24,Facebook,Image,1221,29,165,2604,1415,54.34
POST_0441,2026-05-25,Instagram,Carousel,1160,177,20,5603,1357,24.22
POST_0178,2026-05-25,Instagram,Video,613,249,74,9698,936,9.65
POST_0298,2026-05-26,Facebook,Video,1331,120,157,8237,1608,19.52
POST_0422,2026-05-27,LinkedIn,Video,519,146,99,6238,764,12.25
POST_0524,2026-05-27,Instagram,Image,289,85,132,2420,506,20.91
POST_0262,2026-05-27,Instagram,Text,965,39,98,6543,1102,16.84
POST_0166,2026-05-28,LinkedIn,Carousel,484,214,11,6254,709,11.34
POST_0164,2026-05-28,Instagram,Image,691,109,168,7079,968,13.67
POST_0009,2026-05-29,Instagram,Carousel,819,193,29,1382,1041,75.33
POST_0598,2026-05-29,LinkedIn,Image,607,39,63,1397,709,50.75
POST_0436,2026-05-29,Instagram,Video,1152,242,148,9514,1542,16.21
POST_0581,2026-05-29,LinkedIn,Video,196,13,92,6976,301,4.31
POST_0207,2026-05-30,LinkedIn,Image,795,126,12,6533,933,14.28
POST_0103,2026-05-30,Instagram,Video,1030,177,48,7196,1255,17.44
POST_0571,2026-05-30,Instagram,Carousel,617,3,45,4219,665,15.76
POST_0132,2026-05-31,LinkedIn,Text,839,60,97,9075,996,10.98
POST_0489,2026-05-31,LinkedIn,Carousel,1392,140,164,9176,1696,18.48
POST_0217,2026-05-31,Instagram,Image,1459,199,41,5296,1699,32.08
POST_0325,2026-05-31,Instagram,Carousel,1388,223,29,9780,1640,16.77
POST_0417,2026-05-31,Instagram,Video,1264,167,15,4958,1446,29.16
POST_0084,2026-05-31,Facebook,Carousel,556,131,169,6020,856,14.22
POST_0387,2026-06-01,Instagram,Image,1420,94,100,1684,1614,95.84
POST_0440,2026-06-02,Instagram,Video,1017,36,99,2137,1152,53.91
POST_0200,2026-06-02,Instagram,Image,261,140,95,4787,496,10.36
POST_0431,2026-06-03,Instagram,Video,934,107,17,4144,1058,25.53
POST_0350,2026-06-03,Facebook,Video,1324,239,133,8867,1696,19.13
POST_0231,2026-06-04,Instagram,Video,1060,48,25,2355,1133,48.11
POST_0290,2026-06-04,Instagram,Video,202,29,125,3261,356,10.92
POST_0277,2026-06-04,Facebook,Video,800,15,118,9143,933,10.2
POST_0294,2026-06-04,LinkedIn,Text,1004,207,52,6288,1263,20.09
POST_0560,2026-06-04,LinkedIn,Carousel,872,52,51,4508,975,21.63
POST_0336,2026-06-04,Instagram,Carousel,1087,170,74,4620,1331,28.81
POST_0482,2026-06-04,LinkedIn,Text,582,42,174,2147,798,37.17
POST_0161,2026-06-04,Instagram,Carousel,1256,195,138,4051,1589,39.22
POST_0249,2026-06-05,LinkedIn,Image,539,78,0,5190,617,11.89
POST_0434,2026-06-05,LinkedIn,Video,425,94,69,3778,588,15.56
POST_0163,2026-06-05,Instagram,Image,192,109,19,6179,320,5.18
POST_0094,2026-06-05,LinkedIn,Image,409,231,58,6797,698,10.27
POST_0198,2026-06-05,Instagram,Video,1140,70,80,674,1290,191.39
POST_0235,2026-06-05,LinkedIn,Video,385,22,134,4163,541,13.0
POST_0445,2026-06-05,LinkedIn,Image,451,178,117,3261,746,22.88
POST_0187,2026-06-06,LinkedIn,Video,644,52,174,2620,870,33.21
POST_0201,2026-06-06,Instagram,Carousel,251,95,71,4660,417,8.95
POST_0023,2026-06-06,LinkedIn,Carousel,988,214,56,7476,1258,16.83
POST_0508,2026-06-06,Facebook,Video,705,46,44,8251,795,9.64
POST_0052,2026-06-06,LinkedIn,Video,92,90,161,8427,343,4.07
POST_0352,2026-06-06,LinkedIn,Image,1272,214,171,5437,1657,30.48
POST_0195,2026-06-06,Instagram,Video,1173,129,115,9252,1417,15.32
POST_0038,2026-06-07,LinkedIn,Video,509,67,147,8648,723,8.36
POST_0188,2026-06-07,LinkedIn,Image,124,176,3,5760,303,5.26
POST_0122,2026-06-07,Instagram,Image,419,120,43,5276,582,11.03
POST_0016,2026-06-07,LinkedIn,Video,500,69,40,1429,609,42.62
POST_0258,2026-06-07,LinkedIn,Image,940,92,3,1924,1035,53.79
POST_0045,2026-06-08,LinkedIn,Text,1472,43,138,4944,1653,33.43
POST_0138,2026-06-08,Facebook,Image,787,132,103,3740,1022,27.33
POST_0064,2026-06-08,Facebook,Text,1332,153,87,8278,1572,18.99
POST_0582,2026-06-09,Instagram,Image,548,164,7,3104,719,23.16
POST_0066,2026-06-10,Instagram,Image,114,42,74,4174,230,5.51
POST_0153,2026-06-10,Instagram,Image,669,231,116,3208,1016,31.67
POST_0368,2026-06-11,Facebook,Carousel,250,227,142,2924,619,21.17
POST_0292,2026-06-11,Facebook,Carousel,865,174,26,6861,1065,15.52
POST_0519,2026-06-11,Instagram,Carousel,1385,238,3,2448,1626,66.42
POST_0107,2026-06-11,Instagram,Carousel,401,223,85,2968,709,23.89
POST_0040,2026-06-11,LinkedIn,Text,1282,249,156,5467,1687,30.86
POST_0291,2026-06-12,Instagram,Video,507,213,54,4956,774,15.62
POST_0099,2026-06-12,LinkedIn,Video,1103,9,21,8775,1133,12.91
POST_0095,2026-06-12,LinkedIn,Video,691,162,174,8312,1027,12.36
POST_0171,2026-06-13,Instagram,Video,722,77,153,7861,952,12.11
POST_0128,2026-06-13,LinkedIn,Video,1402,5,23,7034,1430,20.33
POST_0595,2026-06-13,Instagram,Text,454,154,67,6739,675,10.02
POST_0432,2026-06-13,Instagram,Carousel,1362,194,2,5470,1558,28.48
POST_0356,2026-06-13,Facebook,Carousel,1229,21,155,3990,1405,35.21
POST_0472,2026-06-14,Instagram,Carousel,156,38,28,1161,222,19.12
POST_0528,2026-06-14,Instagram,Image,1225,69,74,6052,1368,22.6
POST_0097,2026-06-15,Facebook,Carousel,273,130,144,2679,547,20.42
POST_0214,2026-06-15,LinkedIn,Image,1216,157,66,4673,1439,30.79
POST_0555,2026-06-16,Instagram,Carousel,1125,76,173,4316,1374,31.84
POST_0486,2026-06-16,Instagram,Image,1345,12,169,4187,1526,36.45
POST_0568,2026-06-16,Facebook,Carousel,509,199,60,9075,768,8.46
POST_0433,2026-06-16,LinkedIn,Carousel,230,186,27,8503,443,5.21
POST_0251,2026-06-16,Instagram,Video,157,211,34,5059,402,7.95
POST_0592,2026-06-17,LinkedIn,Image,861,50,69,8239,980,11.89
POST_0504,2026-06-17,Facebook,Image,1356,13,50,646,1419,219.66
POST_0551,2026-06-17,LinkedIn,Video,1356,106,101,4404,1563,35.49
POST_0376,2026-06-18,LinkedIn,Text,951,169,164,6194,1284,20.73
POST_0580,2026-06-18,Instagram,Carousel,442,170,5,4677,617,13.19
POST_0125,2026-06-18,Instagram,Image,1303,159,67,9391,1529,16.28
POST_0286,2026-06-18,Facebook,Image,802,132,33,7047,967,13.72
POST_0140,2026-06-19,Instagram,Video,538,197,18,2349,753,32.06
POST_0378,2026-06-19,Instagram,Image,253,183,156,5985,592,9.89
POST_0215,2026-06-20,LinkedIn,Video,486,48,53,1793,587,32.74
POST_0375,2026-06-20,Facebook,Video,519,176,178,5619,873,15.54
POST_0243,2026-06-20,Instagram,Video,582,229,36,1382,847,61.29
POST_0414,2026-06-20,Facebook,Video,1162,2,99,3317,1263,38.08
POST_0564,2026-06-20,LinkedIn,Video,180,40,177,5137,397,7.73
POST_0452,2026-06-20,Facebook,Video,1189,191,73,2687,1453,54.08
POST_0574,2026-06-20,Instagram,Image,612,132,61,3263,805,24.67
POST_0459,2026-06-20,Instagram,Video,990,40,80,6796,1110,16.33
POST_0589,2026-06-21,Instagram,Image,1155,102,10,8897,1267,14.24
POST_0421,2026-06-21,LinkedIn,Video,1098,211,53,1179,1362,115.52
POST_0293,2026-06-21,LinkedIn,Image,143,72,117,6193,332,5.36
POST_0208,2026-06-21,LinkedIn,Image,745,17,174,9060,936,10.33
POST_0276,2026-06-22,Facebook,Video,393,89,144,8346,626,7.5
POST_0071,2026-06-22,LinkedIn,Carousel,257,56,173,5456,486,8.91
POST_0585,2026-06-22,Facebook,Image,629,56,160,1031,845,81.96
POST_0199,2026-06-23,Instagram,Text,1053,109,112,2730,1274,46.67
POST_0314,2026-06-23,Instagram,Carousel,321,162,147,4054,630,15.54
POST_0225,2026-06-23,Instagram,Image,106,129,56,5787,291,5.03
POST_0256,2026-06-23,LinkedIn,Image,1266,152,173,3697,1591,43.03
POST_0556,2026-06-23,Instagram,Video,1174,206,25,1217,1405,115.45
POST_0420,2026-06-23,Instagram,Video,717,154,165,2541,1036,40.77
POST_0473,2026-06-23,LinkedIn,Text,621,50,170,2972,841,28.3
POST_0223,2026-06-23,LinkedIn,Image,864,248,34,1492,1146,76.81
POST_0259,2026-06-24,Instagram,Video,348,99,157,3449,604,17.51
POST_0221,2026-06-24,Instagram,Image,120,2,168,5497,290,5.28
POST_0289,2026-06-24,Instagram,Video,1445,202,119,6981,1766,25.3
POST_0226,2026-06-24,Instagram,Image,62,192,46,2740,300,10.95
POST_0388,2026-06-26,Instagram,Text,1063,151,160,4926,1374,27.89
POST_0017,2026-06-26,Instagram,Carousel,133,111,62,5866,306,5.22
POST_0139,2026-06-27,LinkedIn,Carousel,502,98,151,6528,751,11.5
POST_0238,2026-06-27,Instagram,Text,418,118,35,7756,571,7.36
POST_0536,2026-06-27,Instagram,Image,1484,240,105,1316,1829,138.98
POST_0113,2026-06-27,LinkedIn,Video,102,138,41,3752,281,7.49
POST_0573,2026-06-27,Facebook,Video,308,167,37,3065,512,16.7
POST_0349,2026-06-27,LinkedIn,Text,1410,65,168,8467,1643,19.4
POST_0530,2026-06-28,LinkedIn,Video,601,162,31,4890,794,16.24
POST_0264,2026-06-28,Instagram,Video,1425,101,2,7736,1528,19.75
POST_0535,2026-06-28,Instagram,Image,894,148,89,5626,1131,20.1
POST_0260,2026-06-28,LinkedIn,Carousel,981,121,101,3668,1203,32.8
POST_0015,2026-06-28,Instagram,Text,528,128,78,7093,734,10.35
POST_0365,2026-06-28,LinkedIn,Video,1053,69,171,3462,1293,37.35
POST_0485,2026-06-28,LinkedIn,Video,566,193,26,6020,785,13.04
POST_0176,2026-06-28,Facebook,Image,565,22,69,7865,656,8.34
POST_0274,2026-06-29,LinkedIn,Carousel,671,26,65,8558,762,8.9
POST_0364,2026-06-29,LinkedIn,Carousel,492,138,161,8589,791,9.21
POST_0385,2026-06-29,LinkedIn,Text,1461,27,148,4401,1636,37.17
POST_0514,2026-06-30,Facebook,Carousel,945,154,97,518,1196,230.89
POST_0451,2026-06-30,LinkedIn,Image,500,114,52,695,666,95.83
POST_0083,2026-06-30,Facebook,Carousel,983,13,36,9908,1032,10.42
POST_0351,2026-07-01,Instagram,Image,1171,51,68,5785,1290,22.3
POST_0170,2026-07-01,LinkedIn,Text,414,132,146,1604,692,43.14
POST_0086,2026-07-03,LinkedIn,Video,1216,81,100,3280,1397,42.59
POST_0523,2026-07-03,Instagram,Carousel,1263,176,118,7401,1557,21.04
POST_0021,2026-07-04,Instagram,Carousel,789,121,47,8699,957,11.0
POST_0300,2026-07-04,Instagram,Image,705,20,20,4302,745,17.32
POST_0419,2026-07-04,LinkedIn,Image,355,215,72,9433,642,6.81
POST_0320,2026-07-04,LinkedIn,Video,222,54,109,4695,385,8.2
POST_0239,2026-07-05,Facebook,Image,1254,182,24,4231,1460,34.51
POST_0253,2026-07-06,LinkedIn,Video,387,226,22,8660,635,7.33
POST_0145,2026-07-06,LinkedIn,Image,617,127,4,705,748,106.1
POST_0205,2026-07-06,Instagram,Carousel,778,34,66,1651,878,53.18
POST_0204,2026-07-06,Instagram,Carousel,734,164,37,2067,935,45.23
POST_0179,2026-07-06,Facebook,Video,763,219,160,906,1142,126.05
POST_0333,2026-07-06,Instagram,Carousel,302,126,81,2313,509,22.01
POST_0483,2026-07-06,Facebook,Video,776,40,103,6538,919,14.06
POST_0334,2026-07-07,Instagram,Video,1450,111,97,9301,1658,17.83
POST_0355,2026-07-07,Instagram,Image,381,49,156,2601,586,22.53
POST_0283,2026-07-07,Instagram,Carousel,1269,84,12,6441,1365,21.19
POST_0263,2026-07-07,Instagram,Image,982,143,71,7489,1196,15.97
POST_0498,2026-07-07,Facebook,Video,762,77,11,5229,850,16.26
POST_0025,2026-07-07,Facebook,Video,854,215,99,5658,1168,20.64
POST_0229,2026-07-07,Instagram,Video,427,187,113,889,727,81.78
POST_0491,2026-07-07,Instagram,Image,936,128,134,5257,1198,22.79
POST_0516,2026-07-08,Instagram,Image,895,175,78,6818,1148,16.84
POST_0110,2026-07-08,LinkedIn,Carousel,1099,247,86,789,1432,181.5
POST_0073,2026-07-08,Facebook,Image,1479,48,50,3662,1577,43.06
POST_0281,2026-07-09,Facebook,Image,1331,151,101,6858,1583,23.08
POST_0100,2026-07-09,Instagram,Video,682,102,67,1922,851,44.28
POST_0101,2026-07-09,Facebook,Carousel,486,161,68,3680,715,19.43
POST_0583,2026-07-09,Facebook,Video,985,236,171,8681,1392,16.04
POST_0488,2026-07-09,LinkedIn,Image,600,148,161,5045,909,18.02
POST_0268,2026-07-10,Facebook,Carousel,397,36,44,549,477,86.89
POST_0525,2026-07-10,Instagram,Carousel,651,83,55,4688,789,16.83
POST_0061,2026-07-10,LinkedIn,Image,812,13,68,9671,893,9.23
POST_0527,2026-07-10,LinkedIn,Video,1443,195,177,704,1815,257.81
POST_0222,2026-07-10,Facebook,Carousel,1051,201,151,7532,1403,18.63
POST_0173,2026-07-11,LinkedIn,Image,202,31,107,4354,340,7.81
POST_0269,2026-07-12,Instagram,Image,138,148,60,4451,346,7.77
POST_0043,2026-07-13,LinkedIn,Video,697,45,170,9635,912,9.47
POST_0579,2026-07-13,Facebook,Video,62,82,2,5280,146,2.77
POST_0412,2026-07-14,LinkedIn,Video,1063,184,12,2373,1259,53.06
POST_0230,2026-07-14,Instagram,Image,683,154,7,1499,844,56.3
POST_0593,2026-07-14,Instagram,Video,117,128,168,6503,413,6.35
POST_0499,2026-07-14,Instagram,Image,1338,73,15,2173,1426,65.62
POST_0282,2026-07-15,Instagram,Image,911,177,65,8819,1153,13.07
POST_0360,2026-07-16,Facebook,Carousel,468,162,106,7794,736,9.44
POST_0594,2026-07-16,Instagram,Carousel,1187,224,15,3390,1426,42.06
POST_0394,2026-07-16,Instagram,Video,717,158,24,5783,899,15.55
POST_0150,2026-07-16,Instagram,Carousel,265,222,146,4311,633,14.68
POST_0031,2026-07-16,Instagram,Image,1462,234,155,6717,1851,27.56
POST_0493,2026-07-17,Facebook,Carousel,723,46,32,9412,801,8.51
POST_0141,2026-07-17,LinkedIn,Text,174,26,164,8997,364,4.05
POST_0203,2026-07-18,Instagram,Carousel,1327,92,62,3671,1481,40.34
POST_0056,2026-07-18,Instagram,Image,878,148,30,2676,1056,39.46
POST_0175,2026-07-18,Facebook,Video,529,241,95,2414,865,35.83
POST_0319,2026-07-18,Facebook,Image,255,204,155,8019,614,7.66
POST_0117,2026-07-18,Instagram,Image,1199,120,50,1080,1369,126.76
POST_0371,2026-07-19,Facebook,Image,956,66,82,9060,1104,12.19
POST_0343,2026-07-20,Instagram,Text,722,114,95,7831,931,11.89
POST_0591,2026-07-20,Instagram,Carousel,1109,63,155,6126,1327,21.66
POST_0033,2026-07-21,Instagram,Image,162,59,6,2136,227,10.63
POST_0121,2026-07-21,LinkedIn,Carousel,1123,110,20,8497,1253,14.75
POST_0058,2026-07-21,Instagram,Image,950,52,112,9292,1114,11.99
POST_0347,2026-07-21,LinkedIn,Carousel,1073,36,49,2593,1158,44.66
POST_0296,2026-07-22,Facebook,Video,433,74,64,6660,571,8.57
POST_0460,2026-07-22,Instagram,Carousel,1039,86,99,3091,1224,39.6
POST_0358,2026-07-22,LinkedIn,Image,1304,196,120,8174,1620,19.82
POST_0531,2026-07-23,LinkedIn,Video,860,128,27,3187,1015,31.85
POST_0553,2026-07-23,Instagram,Image,333,195,46,1004,574,57.17
POST_0596,2026-07-24,LinkedIn,Image,656,24,98,8526,778,9.13
POST_0487,2026-07-24,Instagram,Image,941,239,174,1096,1354,123.54
POST_0237,2026-07-24,Instagram,Image,455,58,64,1981,577,29.13
POST_0133,2026-07-25,Instagram,Video,439,248,138,6310,825,13.07
POST_0453,2026-07-25,Facebook,Image,850,137,45,2830,1032,36.47
POST_0492,2026-07-25,Facebook,Video,1117,47,152,4884,1316,26.95
POST_0181,2026-07-26,Instagram,Text,1479,162,142,1008,1783,176.88
POST_0471,2026-07-26,LinkedIn,Carousel,94,89,23,7706,206,2.67
POST_0393,2026-07-26,Instagram,Video,1144,21,174,4870,1339,27.49
POST_0570,2026-07-26,LinkedIn,Video,346,118,20,8885,484,5.45
POST_0002,2026-07-26,Facebook,Carousel,340,60,145,9048,545,6.02
